uuid,company_name,homepage_url
43507f7e-499b-5a28-7c75-f3c3b45e9785,AdminiQuest,http://www.adminiquest.com/
8188684c-9c3a-386b-3ca4-8012134da829,Brother’s Fence Co.,http://www.brothersfencecompany.com/
a8793a97-ecec-40f0-b607-43f3dfbd6c9f,"Career Connections, Inc.",http://careerconnections.info
5229b8fc-63ee-494f-8dee-d8d1353ad996,Compliance Management International,https://www.complianceplace.com/
3c37af77-13ba-0bcb-1468-297ecca19a56,Kandy Pens,http://kandypens.com/
d66f20d1-3e0f-0963-36bc-c4f06c0bb863,"DG Systems, Inc.",http://www.dgsystems.com
1edd7378-d24e-efa7-7ba1-7503bdc48239,Jumpin Jammerz,http://www.jumpinjammerz.com/
ef05ad12-5d17-76f1-a238-f88c3efa67e4,Personnel Concept Group,http://www.personnelconcept.com.au
39e3d41f-0220-0c2b-4685-a7b1e7c4395b,"Activate Marketing Services, LLC",http://www.activatems.com
290059c3-ab6a-cf4f-1473-082eb716e103,Sugarfina,https://www.sugarfina.com
c9a2d5da-192c-9870-e858-f8434b52c12a,Jiyo,https://www.jiyo.com/home
a016d0e0-0bd7-1ef7-bbc6-a452b674e195,GA Foods,http://www.sunmeadow.com
ddaf258d-7b91-4a7f-9594-892e731618ea,Summit Northwest,http://www.summitnw.com/
b8b99687-52cd-6c13-fdde-bd59a0677054,MedTouch,http://www.medtouch.com/
356c243d-ada5-e7cb-ca49-79dc5b535468,"ScoutDay, Inc.",http://www.scoutday.co
91a50ccd-8b60-ada4-d22e-8364da000fb8,Tutor Technologies,http://tutortechnologies.com
e9885938-1d33-a29e-bbcc-3c8999c66f95,Quantec Geoscience,http://www.quantecgeoscience.com
e6acdea0-07f2-486a-ba6c-f2025673752c,Moody Delivery,https://www.moodyburgers.co.uk
f69e85cb-74a2-53c9-3877-bf0c02da911b,LastSeat Inc.,http://www.lastseatapp.com
e6314a6b-6202-9129-37fd-fd963346a820,Used Equipment Guide,https://usedequipmentguide.com
ce664c17-9af8-a1ec-1b62-1d24ce5ca519,Value Partners,http://www.valuepartners.com/
3e30fc42-f017-819e-1537-4ccf55a98302,DuPage Divorce Attorneys Kulerski and Cornelison,http://civilizeddivorce.com
e2b2b286-e6a2-d324-fffa-2016b179af1d,Action Profiles,http://www.actionprofiles.com
8be83176-4dc6-0431-c18e-8efc7d4aa09a,Spinvector,http://www.spinvector.it/
ec6e31eb-f79b-2c45-1c84-d4aeff8bf851,AudioCubes,http://www.audiocubes.com
f68464c1-807e-9429-0426-3133d6764c6b,showpoo,http://www.17171.net
ffe1f0ff-c16c-48b8-94f5-0df0d516793d,Piscines Service Anjou,
5778d831-e720-d00e-898f-ad74fff5fed2,Brewster,http://www.brewster.com
eb45a0a6-b50d-0b22-86b5-19e8ac6f0ff2,boxx.ai,http://boxx.ai
8754abfe-23fa-0d7a-03b6-9dc337823344,Resolve Digital,http://resolvedigital.com
a6d4ce7c-b1d5-befa-5001-61f9bd4c28f8,MyTutor,http://www.mytutor.ca
95ebcdee-84d0-b497-6220-22dedf646247,Niagara County Community College,http://www.niagaracc.suny.edu/
645c9e9d-f9b6-0247-2628-05a44f52c07b,Octant,http://www.octant.com/
1b576d39-08c2-dbd0-4362-4193d5b1484a,Fadada.com,https://www.fadada.com/
03f683fa-2c7e-2a41-7baa-f1d5e4c2fee8,G4 Health Systems,http://www.g4healthsystems.com
352cd11c-cc15-82c1-f9c7-725434fd4a47,Antz,http://antz.global
a87dc35a-3d29-462c-9f0a-179f582cae02,Errorception,http://errorception.com
13dde7d4-290d-4925-9e5e-2b8e3f7a639f,Guangzhou Liby Enterprise Group Co.,
6a8ed0e7-f5bf-49d3-80ef-40d4495f9ed2,Zinco Global,http://www.zincoglobal.com/
814a9699-03cc-374a-b865-319543fc25b8,Raisal,http://www.raisal.com/
c7f87fed-ee2f-6255-e3dd-9ab5b8dc135a,Engage,http://engageinteractive.co.uk/
7c07217c-a84e-dbbf-b8fd-86c59f83b70e,TOSHOST LTD,https://toshost.com
bb5eba39-460e-497f-d09c-b7f07fe617e3,Tiger Logistics,http://www1.shiptiger.com/
ec328566-3d4b-32f9-1db8-4dee1b59a515,Kettle Partners,http://www.kettlevc.com
8f99e24f-60d1-e37b-de3c-5e00be2822c3,LittleShows Media Pvt. Ltd,http://www.littleshows.com/
f67bbe39-c009-7287-9c75-0d275c1e3de1,Solar Analytics,https://www.solaranalytics.com
7cfc4395-91b1-d032-be1c-5a8d47324276,Cracksfull,http://cracksfull.com/
0bebb924-6295-c9fb-5f54-39696bf8aa04,Updater,http://www.updater.com/
6f35f964-32c2-ca3e-257d-f325b4d8a087,3Tera,http://3tera.com
d79a6fb3-9998-d73d-49fe-d49b7a943ca4,LS Advisory,http://www.ls-advisors.com/en/
d85bd6c8-00ac-7c76-bf40-ac90316b74d2,throtl Marketplace,https://www.throtl.com
c46e249f-c973-678b-0d32-8adb4ad6ee21,Smart Customer Service,http://smartcustomerservice.com/
20915551-fa5f-99be-f35f-a63996b00e25,Love to Wish,http://lovetowish.com/
561c583d-8b41-2bc8-70a9-792f943fa83a,"Gamger Media, LLC",http://Gamger.Media
5caaffbe-9630-4f3c-bba8-26e812e33003,SheetCam,http://www.sheetcam.com/ 
a29cfb54-9b8f-4f98-a8f5-8640b3a52d09,Mission Box,http://www.missionbox.es
99f946b5-db7d-fadd-0f8e-06463e297a30,Sr.Pago,https://senorpago.com/
d4593e8d-c1b6-2e15-0101-c5e5aec4703c,Boldstack,https://boldstack.com/
cb609978-9232-417d-878d-d33f97375aa7,Cyril Labs,https://www.cyrillabs.com/
9f4dd904-9c31-a306-b4f6-2c770775f661,Acacia Federal Savings Bank,http://www.acaciafederal.com/
0b0914b9-e70f-b518-345c-8e65d2b046ef,The Schmidt Family Foundation,http://tsffoundation.org/
31c716f7-10fc-82b8-fa05-5385c8d5b50e,Soaps.com,https://www.soaps.com
315d6c03-bfa9-fd9b-28c8-105381adc08b,Finger Lakes Community College,http://www.flcc.edu/
d05c3f52-0a94-69b0-b13f-069ec22548ac,Open Box Technologies,http://sesamevault.com
8375c567-0d9c-3678-040e-346f65e9b985,Noble Metrics,http://www.noblemetrics.com
dfda7151-58ea-fb94-e9f1-8ecb6e35352b,Peace River Coal,
8502136a-3bd1-a3fc-8fb6-ede13014f25a,LEAP Global Partners,http://www.leapglobalpartners.com/
8ab525a9-1cbd-7d7c-f696-f35c7971f596,Student Course Review,http://www.studentcoursereview.com
3e1406f4-661c-4006-be93-864f3d5ab949,Benderson Development,http://benderson.com
45c5fad9-c993-4731-9d1a-56c91b72563e,S2 IT Group,http://www.s2itgroups.com/front/index.aspx
7d3c714f-d275-7ae2-11d4-4f15c3806a0f,Pambox,http://www.pambox.com
6cc933aa-da7f-4473-91c1-9ebf4b37bd1c,Dallas Luxury Realty,http://dallasluxuryrealty.com
da719519-0739-ea38-b97b-c4ecb2fe0dae,NewsletterArchive.org,http://newsletterarchive.org
2c9cab8a-a9fd-4897-844d-35e430ba8210,CARiger,https://www.cariger.com
e8df38c4-9889-8ccc-18c7-2ecf1dd4bd22,ShomoLive,http://www.shomolive.com
e1b23e58-86e6-3ba9-dc33-3b90c8a1886d,D2V,http://d2v.com.ar
2c435591-311b-2b94-163c-185d5337cb25,Design Motif,http://www.designmotif.co.za
2bebd746-0886-0e47-49a4-1ffe137bda49,EIL Intercultural Learning,http://www.eilireland.org/
83f80fc9-b390-b671-d0c3-078913d919eb,Dreamzer,http://www.dreamzer.com/
ef6cb292-8023-4157-54f3-6de7009f76b9,Appxplore,http://appxplore.com
41ff8385-a8ce-4a19-98f4-3bb08d96e872,Safety Insurance,https://www.safety.co.th/
ad5d3580-2818-46c2-a8ba-2fbbf40dcc3e,Increup,http://increup.com
0891a70b-d8a0-455a-95fe-6079e13a6dbf,Fiture,http://www.fiture.co
ea3d65df-f6bb-8966-e25f-34ccce058fcd,PCM Uitgevers,
bf0b6544-4848-947d-144a-758f7aa8e1a1,Spinal Restoration,http://www.spinalrestoration.com
1dbc6b96-eada-4847-ba2f-c4c649c53a29,RONA,http://www.rona.ca/en
6fe18a5f-4e74-b6a5-0930-34ca2a2b3975,HelloVR,http://www.hellovr.org
b5516b51-105c-4a20-908d-28a169e87da6,Emera Capital,http://www.emeracapital.com/
3b09980e-c84f-1745-dbde-b8dcd544bddf,ImmunoCellular Therapeutics,http://www.imuc.com
ef67fb41-9172-480d-ad93-5af8e87e7447,Market Technologies,
879cda36-bd48-a2b6-79e8-67060a61ed5d,DarwinBeats,http://www.darwinbeats.com
7585be38-02c4-8db4-4d6a-6d3ec92a2f59,Cassiopeia Capital Partners,
67fb51cd-2056-3467-b75d-43e704d368d1,CTcue,http://ctcue.com/
939ab3e1-f708-4959-9b7e-2da414075433,Login Clinic,http://www.loginclinic.com/
45ccacba-b8b9-d85b-9be7-d9fe3b816577,Arithmos,http://www.arithmos-ls.com
f36ae067-0e4e-e594-fea2-0b55e04e37c0,"Louisiana State University, Eunice",http://www.lsue.edu/
cba5f82c-addc-3dba-779f-e7679218b532,United States Merchant Marines,https://www.usmma.edu
ee2f7f80-ce05-cc81-0e05-537d0a9173b3,MOW.fm,http://www.mow.fm
d4b72f34-0fdb-0d96-d05e-c92ffaafb063,MSP Home Rental,http://www.msphomerental.com
9c11ec02-76dc-46f2-a5e1-012fcd773266,RSG Electronic Components,http://www.rsg-electronic.de/
d4e85d43-13c4-de9c-700c-24c8523b5593,Metric Gaming,http://www.metricgaming.com
5c92e932-2790-e473-d14e-74879f28d449,Kampoos,http://www.kampoos.com/
78bace89-e3e6-4e26-8f92-24a98ec6ee77,Lubbers Logistics Group,http://www.lubbers.net/
2b5bdd7c-955e-a888-2fff-18d7e93908ba,Wood Howard Products,http://howardproducts.com
f76b4299-864e-4e9b-a831-22acfc6f59e1,Greene Waste to Energy SL,http://greene.es/
c399b731-fbfc-4024-b029-9e107f17eff1,Growth Hackers Sydney,
7e9024c9-36c3-8755-294f-e62d07ef3eb0,D Capital Partners,http://www.d-capital-partners.com
39f5c1e8-806a-402d-9d52-37ecc4fca9ea,MSC Care Management,http://yourmsc.com
8503c351-5fae-3426-50c7-fa44ca31f649,Advanced Concrete Supply,https://advancedconcretesupply.com/
0fbd10f9-8383-4bd2-78f9-e01f4c3b48c9,Active Angels,http://www.activeangelsllc.com
04ff5e68-25fb-a5f9-cb8f-75bbe6893a9a,Microfortune™,https://microfortune.net/
4bb5763d-b525-4119-b4fe-68e00b633c21,King Painting,http://www.kingpainting.com.au/
8092bd9a-e557-3e59-a509-f964ef3e6493,Local2Me,http://www.local2me.com
f635ac79-c98c-471e-b76d-e40c410e54f0,Whalehouse Technology,http://www.jc.house/index-en.html
de1d1049-a639-4850-824b-07a4a0b2d445,ilfornino,https://www.ilfornino.com/
b5b086e2-663b-42a5-ac5c-59fb93efdb5c,ROLZO,https://rolzo.com
eb52eb9b-c974-1d86-fea5-9e544c7a0655,SAN Valley Systems,http://www.sunvalleysystems.com
ef8ba338-ac33-48af-bedd-4e9904c6a581,Investment Solutions (South Africa),http://investmentsolutions.co.za
8712baef-a122-2a64-a2cc-deac227b1be6,Katha,http://www.katha.org/site/
50af8922-db5f-e988-581b-a552da8a8143,Blinkamovie,http://www.blinkamovie.com
88bcf83b-b91a-bef3-0087-79d5c2bacf6b,MJBI,http://mjbi.org/
31ae9122-9f18-8e0b-9253-3cbdc20dacb3,The SWAT App,http://www.theswatapp.co
ce90f3ff-9582-712a-bc5b-19c746c1afd3,Alamo Colleges District,http://www.alamo.edu/
058e73b8-6a2a-9f58-b2fc-24da626f848b,Lectios,https://www.lectios.com
36afe933-4bef-08dc-afe0-e1d898d93c5f,Fluido,http://www.fluidogroup.com/
00415d71-a1e3-2275-22a2-1814eacf9e95,Jobatics,http://www.jobatics.com
4a89d071-e70e-82c6-f0b2-6d31887cf07b,Metaflow Technologies,
94f449ef-1f77-d949-cb29-7a2f0a1c4fdf,Office of the Attorney General,
f5d387f1-d473-eae9-ee64-61b2c091c22c,AMERICAN SYSTEMS,http://www.americansystems.com/
195d5a36-46fa-3efa-c0c0-25d84dcc3e31,Flowfinity Wireless Inc.,http://www.flowfinity.com
9d41f4b1-8571-058a-682d-bbca0bb31496,Protenus,https://www.protenus.com
dfdcf073-1831-28df-13f8-c742bd2d67aa,Sourcing Creation,http://www.sourcingcreation.com/
3bdd357a-c814-bcdd-24fd-a217bb273d97,Informatique Paris 7,http://www.infop7.org
9ca8943d-d15a-9094-7c2a-0c5a96fc83e7,ToughGadget,http://www.toughgadget.com/
f998b21c-9106-1334-fe4b-b1b25825cd79,The Curious AI Company,http://www.thecuriousaicompany.com/
f6028a35-2534-4659-b6ec-496bbae8d38f,Urban Concept,https://urbanconceptrecords.com
3457de9e-e58b-307f-b91b-ad3367363e50,Mattcraine,http://www.mattcraine.com/
cf4e1e11-89fe-e768-385a-fa90c83049f7,Commodore World,http://commodoreworld.com/
22551fd0-7660-1aae-5b69-f773167da387,Wireless Efficiency LLC,http://www.wirelessefficiency.com
58e6cbb2-8eaf-4e0b-aed8-8eba372d2e12,Folsom Lake Ford,http://folsomlakeford.com
de133940-13d9-e939-778f-aa8661b99dbc,Rafikee.com,http://www.rafikee.com
242be2c8-a71a-34e9-f155-d9cee0303bb4,LDS Mobile Apps,http://ldsmobileapps.com
4a574abc-107d-d267-084d-46e16a6c70dd,Gather Technologies,https://www.gatherhere.com/
f4029ffe-4166-58f1-18e3-3018c5d322f9,Bishop,http://bishop.mx/#/splash/intro
5a7b4487-d2b0-4390-a20f-a51ea00acc9a,Technology Conservation Group,http://tcgrecycling.com
e94c4ba5-bfc3-e8ba-6810-220b7ab851f0,Dream Tuner,http://www.dreamtuner.com/
554cf035-d654-4cd3-a467-4c468ed238da,Omega Venture Partners,http://www.omegavp.com
72bc39d5-4577-40d7-b2c2-8f0247ddbf30,Floor Tile Installation,http://www.experttouchtiling.com
36b6a61a-0fc0-69d8-c951-9d1f4d61f453,"Uptivity, Inc.",http://www.uptivity.com
b9527e60-7d4b-b983-9c14-9f38a9b7bfcd,RHL Ventures,http://rhlventure.com/
9e0b7d3c-af8b-95a7-0bff-5f525cfcf6a4,Simi Valley Adult School and Career Institute,http://www.simi.tec.ca.us/
df5f673a-5c67-44d5-9c0a-5cdd8c88ee9d,Naqad.PK,https://www.naqad.pk/
c4feef37-f092-42b7-861a-d9f868cb0cec,Mjb Management,https://modularmanagement.com/
9d600e22-f89e-7bc0-21c1-22e014f56659,Dentist Phoenix,http://dentistphoenix.cinexs.com/
d34f75ac-5b80-f829-0077-d8a80070eec0,ASI Lab,http://www.asilabindia.com/index.html
e0210d77-0d5f-4fb1-4b8a-0d74b58d8cc9,Modjunkiez,http://www.modjunkiez.com
1edde77f-9445-cb5d-7a06-b824f0cba7dd,Elite IT Home,https://www.eliteithome.com
38be5a51-c672-11f3-a704-bb6bf4ed3a50,Andromeda Pedasi,http://www.andromedapedasi.com
b75dc70d-f132-4562-a11f-ef0fde97c0a8,Personify Financial,https://www.personifyfinancial.com/
a61305c5-2900-98cc-1dc5-711c0a9f47a6,Alpha Catering Equipment,https://www.alphacateringequipment.com.au/
645fc9b2-cd47-4a8b-b364-a30bb9708347,MyMy,http://www.mymy.cards
3e9e5d8a-d1d0-3a7d-8249-587a561cc9da,Fjell Subsea Products,http://www.fjellsp.com/
0d2f534b-f37c-45c0-9566-7c8654bb7102,"Capital Engineering Consultants, Inc.",http://capital-engineering.com
db9bba1a-ee52-0eaf-1de1-6432e33d38ae,DesignGuy,http://www.designguy.com
55e2344b-5e5a-617d-b08e-b1e54aac762c,Quantum Inventions,http://cms.quantuminventions.com/
8b67ff8c-27bc-2654-8eb3-68ef8d4bb5cb,Emerging Threats,http://www.emergingthreats.net
a22c4103-8e37-e6c9-d991-27c21566fd30,Volatix,http://www.volatix.com
974a576d-4939-4b48-b566-ca1879bba54a,CBD Alley,http://malemuscletest.com/cbd-alley-cbd-oil/
df62cb03-4eab-96c1-de1a-796313f4a70d,Etsuri,http://www.etsuri.com
475e90e2-7880-41a9-68ce-9de772a51c2e,Liaoning Dalmond Group,http://www.dalmond.com.cn
55a2a9fe-cc74-4111-4cfe-1ed6cf0590b4,Tristar,http://www.tristarworldwide.com
84df149e-1446-cf11-7a35-2114281280c1,SETTEO,https://www.setteo.com
9146e200-755e-04e7-83a4-0b3ba4ced8b1,Okehampton College,http://e-learn.okehamptoncollege.devon.sch.uk/
fe2e81d6-1db6-b9a7-20a1-4f27dd9664ce,Kinetiquettes,http://www.kinetiquettes.com/
ab42ce8e-3d4e-174d-8c31-18e891021871,Conax,http://www.conax.com
f6566cf9-c8dd-42df-9de9-eb66e60fb11e,Jetzt-Einkaufen,https://www.jetzt-einkaufen.de/
193a903a-7981-64e8-9179-0345b183c2eb,Thrasys Inc.,http://www.thrasys.com
43657cb8-e1f3-4569-4f34-6d6d2c0fc3bc,BuyVia,http://www.buyvia.com
f27e541a-73ce-790e-8f36-ac993d6a97cb,KEXP 90.3 FM,http://kexp.org/
6ca68255-274e-4cd0-9efe-bd083f8123e1,Stein Telecom,http://www.steintelecom.com.br/
4e428b70-9555-bbf7-10e4-4e5f4f0de7dc,RKCS Learning Solutions,http://www.rkcslearning.com
5ab2c318-fc6f-7802-8f18-9181dfff0666,Tillpoint,https://www.tillpoint.com
d3fee6fb-88a2-4cd2-adb0-52e4cbc1d211,Mission Labs,https://www.missionlabs.ai/
9728f8de-d606-4843-a894-ab2fafb48887,paul howell : Design,https://www.paulhowelldesign.com
b795f35f-1265-960c-26dd-1200287c78af,Automatic Lead Tools,http://www.automaticleadtools.com/quicktrafficsolutions
1bc71d7e-b2a1-7c2f-7da8-400210234e73,IVX Animal Health,
9797efef-fba0-41e2-8ebb-79fc43bb179e,Deloitte Australia,https://www2.deloitte.com/au
c3c37e01-ede3-b15c-c5c6-d20adaeb4263,Ministry of Spa,http://www.ministryofspa.com/
61eb1f88-9618-343c-5859-f0d8ac1677fd,Graham Crackers Comics,http://www.grahamcrackers.com/
26b27208-d3f3-2af1-63d5-41eeec747461,Angitu,https://www.angitu.net
7eced668-6ff3-682c-28ff-9538b768ab8d,Maxwell Communications,
7561156a-c386-2c5e-92ab-560458ae7e5d,USA.NET,http://usa.net
00820f24-5a67-48f8-ad20-307b966769dd,Clinique Du Sud SAS,
13f29332-2450-4908-7a6f-8989673384c6,LeVR,
0109184f-b502-43ca-ca7f-b5d3f84f23ce,ALTREST,http://altrest.com
c425f0e0-4c71-b565-3283-5386d27bb8b7,Redesyn,https://www.redesyn.com/
c2e50efd-2f2a-410b-bb48-0ae3da4769cc,"Zhang & Associates, P.C.",http://hooyou.com
fd85544d-01be-4023-ba85-3510787d29d9,Hwasbank.com,http://www.hwasbank.com/hwasbank/easyIntroduce
8b105fcd-01ef-69dc-0875-7a54320c10d7,Pareto Limited,http://www.pareto.co.za
4563ea68-67a0-aee8-342d-d344f1ff2650,UB7 Ventures,http://www.ub7ventures.com
375a78ae-ce21-b2f8-2ff8-077517705d77,TECHNOTEC OIL,
b035ad20-6502-4a78-b61e-3515fb867445,Regional Express Ltd,https://www.regionalexpress.co.uk/
877d2f82-61ae-5932-3de6-1179e20562ea,BrightEyes,http://brighteyes-students.org/
13d313ff-ab74-e435-132b-8c6af0ae367f,Fleep,http://fleep.io
a17d8d2e-0fbc-b2b0-e934-7d792e3ece93,Toy Transport,http://www.toytransport.com
c1ae5caa-cc12-1b24-6000-ab4e7561c91b,Farmia,https://farmia.com
47630e9b-282e-49f4-a0a0-0de84d0f1865,Nu-Swift Brandbeveiliging B.V.,http://www.nu-swift.nl
4c19840e-553e-4e29-a0da-d15b1fc88cef,Saracen,http://www.saracenenergy.com/home.html
c68ffb35-a234-20c0-8dc0-1e201a6923fb,Potentium,http://potentium.com/
78005655-aaa6-5af0-28ab-1bc5296f362f,Rettungsboot Coworking,http://rettungsboot.co.at/
c6febe60-59de-d34c-bf92-72ce27d9d895,Marunouchi Capital,http://www.marunouchi-capital.com/
f88baa20-5227-1013-34f1-39d3e1b8ad5a,Forum 5 (a division of Fremantle Media),
44a3b5ad-5779-71b1-1555-edcf989fb9b9,NextAdvisor,http://www.nextadvisor.com
e757a46a-1a05-97ce-b3df-eafeef7ad14e,Learnly,https://learnly.sg
c85ca822-2ac1-fc48-58d1-6be859b400d0,Concord Bicyle Music,
16e409d5-435b-e33c-a1b2-fb814ff6cf8e,HookPrice,http://www.hookprice.com
22316fc3-5811-4e0f-88e4-4bcff95dc3e4,Full Reserve,http://www.fullreserve.nl
103998d4-158f-453b-a606-08a5559346fc,Airmee,https://airmee.com/
4b1d1b7a-ffa9-d84e-00fc-c403d0f2c1fd,Dial A Maid,http://www.dialamaid.ae
0de19141-22b8-58e6-4ef9-7a22263d855d,Mainstream Holdings Inc.,
cd3006f9-ee89-ae4d-3e3f-e74564a36ad6,PeriphaGen,http://www.periphagen.com/
0d943a5c-5ead-4ebf-b8f4-69bde8bc48be,Virginia Eagle Distributing Co.,http://vaeagle.com
b6f07327-cff0-bf59-c011-94bcebce0baa,Senior Internet,http://www.senior.co.uk
d4e62230-af71-4116-8aab-1b42e3763dee,Community Champions,https://www.cchampions.com/Homepage.aspx
5a4ee2f5-bc34-befc-5e56-bf06b066e109,passwird,http://www.passwird.com
11576419-e3f9-5776-0719-83f8b3d3b90f,"Ion Systems, Inc",
562ae173-d0f8-da65-8a77-fb35e7004f23,HIKonic Inc.,http://www.HIKonic.com
db592000-101f-9726-1d3c-b624aa75f1f6,Kartable,https://www.kartable.fr
93b3d340-caf9-4090-89e1-4f8ad45b0a26,Antenna-Telesem,http://www.antenna-telesem.ru/
f5647845-0f04-1d0c-111b-d37063bb3275,Lubith,http://www.lubith.com
b12784c1-d01d-4a20-a9bd-bcb165dcbf80,Affordable Computer Solutions,http://www.affordablecomputersolutions.org/
601b6a17-e13b-f14f-c448-b5c9d267ecc7,Beyond Lucid Technologies,http://www.crashintel.com
3ac291e1-a7d0-dff2-c8a2-151429161bbc,Clicars,http://www.clicars.com/
4b5efcfd-1e4e-21ed-722d-6a8fe2b669be,UshaComm,http://www.ushacomm.com/
2232a568-7f0b-4782-9100-9d72bbe5f0c5,Hadari Ginat,
0cd39ead-fa7e-ac44-ba20-f40dbaf388d9,Prestige Nursing,http://www.prestige-nursing.co.uk/
564e2042-934f-feeb-82b8-777048db9e48,Mindful Eating Company,http://mindfuleating.company/
3c8d1548-f62c-12d9-d79d-caaab6d96cc5,Chalik & Chalik Injury Lawyers,https://www.chaliklaw.com
ccf73c13-fe63-4081-91c0-0b196f1a8ca5,Precision Cabinets,http://precisioncabinets.com
f8360947-e82b-9991-9246-c130fdf4d92d,Xerico Technologies,
c9a50f4e-7c1b-a979-176a-d946bb1c5791,VIST,http://www.vist.it
49206881-f59d-4222-8979-66913df7af00,M2CROWD,http://www.m2crowd.net
760faf08-4ca9-961f-f2fa-cf2ca2ebb312,Infinity Development Group,http://www.infinitydevelopment.ca
685330b0-68d9-94c0-27f8-88d9f332f5bb,Moneypark AG,https://moneypark.ch/
34ad9c4b-dc9c-36ca-2fd4-f350180cd589,Programming Homeworks Help,http://www.programminghomeworkshelp.com/
c583eb9b-dce7-a7ea-9da3-2cade76cad88,The Computer Factory,http://www.thecomputerfactory.com
9efabf64-1572-81bf-0cdf-a87f94b19eb4,HeadCoachSports.com,http://headcoachsports.com
20ebdde3-94eb-ea27-7248-8d1cb57e3648,IPX,http://ipxco.com
fea773da-29fe-402e-9676-ee183ab766c8,CSC ServiceWorks,https://www.cscsw.com/
11315054-c34e-a9a6-c820-ba0d873db660,My Doctor,http://m-doctorsearch.com
6f49b299-d39b-4d37-a7d1-717021d6851b,CNN Chile,http://cnnchile.com
56ae9baa-59d3-4689-b076-c7847b0ee329,Thornton Law Firm LLP,http://tenlaw.com
365f14f9-2d8a-da78-9ffa-460a3b611120,Food Network,http://foodnetwork.com
a8d93034-bfe5-76c0-084e-71d5c85233a9,Voisin,http://www.voisin.de
6275df68-56d5-2bf9-b465-0ef2d7e5b10b,Avtech Institute of Technology,http://www.avtechusa.com/
dcde7499-1663-44b4-b51c-4c5c9bb454d6,SureCert,https://www.surecert.pro/
a15e5434-b564-8aab-18b3-b080debf2db6,Gazelle,http://www.gazelleapp.co/
123c1282-77d3-e20f-17a2-a73a70c0031f,Match Pint,http://www.matchpint.co.uk
5e46fd8e-c64f-d6c8-1348-f32cbc49115e,PorkyPost,http://www.porkypost.com
470630fd-b6df-e85a-d998-0dd33d7533c1,OUR Walmart,http://forrespect.org/
2345f19e-82f4-b07d-36f0-be470528daba,WindowsVJ,http://www.windowsvj.com
0b43a6c5-3965-2429-0184-0265d542d6af,classic cars,https://classiccars.com
9e66a8a0-4cb5-4dca-87d7-0ca1704e6caf,Nexus Technologies,https://nexustech.com.ph
708bf0cf-c853-304d-78e6-db6490280af2,Platonic Moviez,http://www.platonicmoviez.com
408258a1-327b-5291-c244-cea935c87959,99designs,http://99designs.com
7b8b1895-6f11-9978-6129-3bea05f1c1e0,Matrix42,https://www.matrix42.com
774d7129-3e69-ad2a-2e9b-515bf4f7a2a0,Genesis Innovation Group,http://genesisinnovationgroup.com/
05b05e13-6db6-473d-9359-a3f9e2062fc1,WidInvest AG,
1fb30074-c1bf-6f2e-3e5a-96a62414f0fa,myHuodai,http://www.myhuodai.com
9e1d1ecd-efac-8df6-a6ea-a147bbfdcab5,Count3r,https://www.count3r.com
f8a58d4f-5979-557b-2afe-088eaa4ea4c7,HealthQx,http://healthqx.com
22777cd2-777c-4c98-a6f9-ff0a4f16cbab,Flab Prod,http://www.flab-prod.com/
f7e0cf7d-c4ac-4e88-ae4a-fbee1a3d30a4,Teampluz,http://www.teampluz.com/
773e9e9d-96a7-3eec-1e41-21fcd3322faa,YOLO INDONESIA,http://yolo.co.id
3316550a-b047-c4a3-a873-0f9bc90f72b6,Gulf Coast Funds,http://gulfcoastfunds.com
0db3efff-353f-58e6-7708-4a54ed989603,The Inside,https://theinside.com
dd722bf3-c67f-6a41-c374-7466f104f654,Sell My Points,http://sellmypoints.com/
f6967b38-948b-4b01-b324-b643d85e3d0e,DRESS212,http://www.dress212.com
16556264-0e3c-c90b-a14c-c08d073a7614,Rapita Systems,https://www.rapitasystems.com
bb770318-a8db-830d-af02-0cc51ae9b850,Naijapals,http://www.naijapals.com
4c5cca93-e43f-9266-62c2-037436d30769,percollate,
c682ca3d-8215-a5f5-21a6-2fc53c3b312e,Coinometrics,http://www.coinometrics.com/
86e79cfd-425e-74d4-4b52-c01a977839f5,Arcolabs,http://www.arcolabs.com.br/
c55f817d-0090-4b07-b618-8b6824628c43,Bookboost,https://bookboost.io
99783254-b956-45b4-a71b-2f1a7569282e,Sunny Days In-Home Care,http://sunnydaysinhomecare.com/
8c37bcfa-516d-0efa-cf2f-75495dc2c635,Clicks Internet Marketing,http://www.clicksinternetmarketing.com
9316692b-661f-a9b4-ecee-756a273c92b1,Thinking Industries,http://www.thinkingindustries.com
41ee8c24-308a-423a-1ab6-51a818ef1cc3,Bachelor Haus,http://www.bachelorhaus.com
b732d9cb-35b0-b0c1-2db9-e953d01113d3,Markham SEO,http://markhamseo.org
29092312-f2e5-6a19-cf71-710503f08b57,Collins,http://www.collinsdictionary.com/
38112e7a-54ee-47fd-a00c-7f10b2dca6db,Insolar,https://www.insolar.io
d75206dc-6322-169a-aafe-8a63ceabaea7,Virsix,http://www.virsix.com
cead2d58-acfd-4e0a-986b-c1c02e19cc92,The RMN Agency,https://www.thermnagency.com/
007e2007-c323-df55-68c2-73f0136c55aa,Breaking New Info,
9719d42e-ea95-458a-95ef-4d8bc8aa48bf,Cone Editions,https://cone-editions.com/
0a5e22bb-459a-6721-0a2f-51014a579431,Colovrs,http://www.colovrs.com
68f19091-1c76-8f8e-c804-a44abf5f7497,N-Frnds (nFrnds),http://www.nfrnds.com/
8730cee4-e3af-97a7-8848-4d06313291ac,Xtravirt,https://www.xtravirt.com
7f3dccb8-9102-edaf-1f07-ab034451ec2b,AmREIT,http://amreit.com
728c77ec-a803-11b9-9bfc-e513f95cbd03,Tarad Dot Com,http://www.tarad.com/
1b364c83-66e3-4f94-8721-d19e4a7c6d7a,Crossword Hobbyist,https://www.crosswordhobbyist.com
bb0c2c06-799f-4867-a1b1-263ddc4fbd6b,ClosedLoop.ai,http://closedloop.ai
c0541ade-d4cd-34ba-584d-a73d7b63ec8d,Gemini Development,http://www.geminimvp.com/
ac142f49-df96-fa14-6f73-dd4dfeebc0bb,FriendBangMarry,http://www.friendbangmarry.com
77c181cd-8998-f8e4-c68d-e548001f0aed,OpServices,http://www.opservices.com.br
87b82084-9e63-e99b-1a52-3d6c01f353b9,Worldwide Enterprise,http://enterpriseworldwide.org/
5ddce60f-6619-4132-a1cb-74e29d892438,Endemol Shine Group,http://www.endemolshinegroup.com/
cf6edf1b-64da-0b4a-3f90-c8bd172da316,Polypore International,http://www.polypore.net/Pages/default.aspx
4465703b-a44f-1783-e3b9-eb47421afb92,Things We'd Like,http://www.thingswedlike.com
340c25e4-ab5a-1775-ee4b-f6dd37ae480e,VPEP,http://vpeptech.com
955cfdd3-0afa-da48-d09c-508cd17d2898,Oil & Gas Council,http://www.oilandgascouncil.com
98d1cce4-1af9-f715-e77f-9776bde2e726,Novilytic,https://novilytic.com
200227d2-0787-c42e-642c-90c711d4b699,Infinity Credit Consultants (P) Ltd,http://www.loanbroker.in/
b388744e-de20-5528-3776-efd76e6f06be,Baseline.Hollywood.com,
2619b53b-3262-b315-f4e1-6ed8a65a8d34,Tech Guru Daily,http://www.tgdaily.com/
c3807b63-f765-5099-ff89-1bc16ebe60dc,Perspect,http://www.perspectmap.com
fdc252ac-9b4c-476e-b5f4-8aa0ecba7cb9,Pereless Systems,https://power.pereless.com/
373b6a24-caa4-689e-472e-b15390d1cc13,aitendant,http://www.aitendant.com
e72eeac9-2702-43e5-8b41-df2d79b7e0c2,Create NYC,http://createnyc.com/
dad8bf0c-f9a9-9892-a07b-4546fd7e0ed7,Nively,http://www.nively.com/
fd4f070c-96c5-4a2d-96ce-c98ee13b9986,Automated Assembly,https://www.autoassembly.com/
28dfd556-b4bf-48f8-923d-d682e5ac5a21,ClearChoice Merchant Services,http://www.myclearchoice.com
2cc3a93e-53ae-2deb-f019-9d470d6df36f,New York Blood Center,http://nybloodcenter.org/
dfd705b8-da22-4745-fe27-4d3bccd57026,Crate.io,https://crate.io
5b9102af-fb82-7c15-6ea4-cec6a76c70ca,"Touchring Co., Ltd.",http://www.touchring.com
cb643b01-6f62-1c0c-8735-d3c6ff1b2444,TabSys,
9db0bf7e-9800-41f2-b210-454c272418b8,The Intertwine Group,http://www.theintertwinegroup.com/
198d5dba-586b-94e6-9ac1-efb2f96d3621,ObsEva,http://obseva.com
01e6f7dd-ad8f-cc91-8ae9-7dafb22d69fc,Bright Inventions,http://brightinventions.pl
385528c4-ee3b-31a4-3278-865c9532ef5e,Latest Mailing Database,http://www.latestdatabase.com
78eceace-f422-7744-8f8d-c9f9dd03db1f,Ardshiel,http://www.ardshiel.com
81ed1103-805d-47d1-af9f-1015623b9c65,LIFESHOPPERS,https://lifeshoppers.com/
19e1795d-8f85-a354-4764-174aff8d6a23,ChimeraCompanyGames,https://www.chimeracompanygames.com
bb8182f1-b2d6-27bb-e795-255d645412ae,Redwing,http://redwing-asia.com/
1fbadf90-1897-467e-9da1-54d1df792d3c,"Contec, Inc.",http://contecinc.com
95188885-61f0-8f86-8a05-23b52421d8f5,editorr,https://editorr.com
486ddedd-ebe0-62b0-db97-066970ceecfc,NewsDoses,http://newsdoses.com
ea8072c5-0628-f7df-19be-36936cfd1689,Harvard-M.I.T. Department of Health Sciences and Technology,
a4031ca2-ed7e-bad3-a589-3928437c1bb0,Voices Heard Media,http://www.voicesheardmedia.com
422ceb29-e874-7cd2-4b1c-adf1d588cc77,EKM Metering Inc.,http://www.ekmmetering.com
72c5441f-9ce3-b400-3d4a-029795d7c850,Sworly,http://sworly.com
89cee83e-cc5d-9574-3345-c3191e016189,GRIMES Development,http://grimesdevelopment.com/
e0e1a8f4-4e8c-4b6a-b9a0-8922e6eb413a,Thinksmart Ltd.,http://www.thinksmartworld.com/
952a120a-5b2c-b264-cace-aeead7ac941e,IguanaFix,http://www.iguanafix.com
51a3f482-a595-cd30-3498-7452aaa38ee3,Social Cord,http://www.socialcord.com
fc6f1c74-0f99-4df0-edc2-bdd2ed8aa6de,Partisan Management Group,http://www.partisanmgmt.com
fa3c38b5-1b1b-984e-ab6b-ba04c0b52b27,ExploreAnywhere Holding,http://www.exploreanywhere.com
14e5e474-09f8-4175-9cf7-9efc3eea681a,"RA-LIN and Associates, Inc.",http://ra-lin.com
27f5a37b-1178-ac0d-7203-a46a644b7f15,GPS TRACKIN,http://www.gpstrackin.com/
853d7bf8-9153-447e-4725-019ea6104f2b,NUCAFE,http://www.nucafe.org/
3aa43c60-1657-c693-fd2d-1ccdea09e164,Lightyear Capital,http://www.lycap.com
9ea11bcb-71b7-36a1-b158-c11c3a01aa7b,Promocoder,https://promocoders.in
d3144f75-7458-d51b-88c9-ff70d2c62830,Viraltag,http://www.viraltag.com
67c1a569-446c-85b6-72ee-d943c0566043,CarHireNorthCyprus.net,http://www.carhirenorthcyprus.net
89396e91-317b-ade0-01e5-d0a260082329,Play Flappy Bird Games,http://www.playflappybirdgame.com/
6b80cfbb-37f8-9af8-6fb4-05339a0453df,Website Design City Australia,http://www.webdesigncity.com.au/
5f953540-8cc1-9de1-5fa7-9868030a6da9,ConVerge Diagnostic Services,
bd42bbe8-e7dd-d698-c2b4-025270d87be1,Skooli Online Tutoring,https://skooli.com
8e2db679-8f9d-6a32-443b-46b338ca77a8,Northern Ireland Screen,http://www.northernirelandscreen.co.uk/
ceb86d99-1789-46c3-b281-fddfffca4030,Denis Doan,http://www.denisdoan.com
e3a94291-f586-df65-b4ae-75abb77e400f,Enlightenment Productions,http://www.enlightenment-productions.com
791590d1-00bd-45d0-a283-b7d8f33dcaee,Venture-G,
bc7e5df4-5972-eade-9969-a51d14eb1488,Metabolic,http://www.metabolic.nl
9ec46e04-2e14-5fa6-23b0-40b00f96c600,Orpheus Chamber Orchestra,http://orpheusnyc.org/
03328a25-ff02-84b1-afab-637290929347,A M S Drain Services Ltd,http://www.amsdrains.co.uk/
7e33b8a5-e40b-04f3-b73f-72ecefaf4737,Wuxi Leiming,
f2964401-3d8e-d414-1c16-fc4fd38dc48a,MailCleaner,http://www.mailcleaner.net
65698b86-d0d5-506f-ab80-6ba07d3c6eaa,Eber,https://eber.co/
8ea96442-de6b-be33-09bf-9c098da0b112,SCOLA,http://www.scola.org
5e05f5a6-b58a-45da-83ed-fd179f4e8d76,Inside Network,http://www.insidenetwork.com
7cd64c68-cce5-89b2-56a6-e60ed5a5d311,DiviCom,http://www.divicom.com.br
b0c8bb49-71c8-6ae5-332e-fe01a7d34ebf,Advies en zo,http://adviesenzo.nl
c64374ed-04d1-4eb1-864c-1098a8060fe5,Flutur,http://www.flutur.org
ac92985a-fde0-4164-ae84-244fa1276db0,JustOn,https://www.juston.com/
0bf557f0-652e-b345-cff5-8bb1e800426f,City and Guilds Art School,http://www.cityandguildsartschool.ac.uk/
ea8d1305-2dd6-6049-8de6-bb235ec8b310,Elastic Networks,
d5aaa8f5-1e9a-69ce-b282-6ada55b7915f,Tipjar,https://www.tipjar.is
474807bd-dd64-392b-9db9-ecafb598962e,Pepapp,http://letspepapp.com
6c883e5b-0ca9-7bc3-278a-5950a290dfa9,IINCORE Labs Inc.,http://www.iincorelabs.com
c705659c-e409-72fc-00c7-5812a5674fe1,Sightlab Communications,
5aa6fcf6-528f-40d8-ba94-9b01945dac17,Juvenco,http://www.juvenco.dk/
53726338-02a1-4e2d-a15e-1f1a417dfb2d,Medinyx Technologies,http://www.medinyx.com
a4684eff-d4c0-40bb-b8d3-ddbeb9427f88,Davis Realtors,http://davisrealtors.net
df83fe5b-7d76-a123-7a6c-505283752ae8,Orano,http://www.orano.group/
3a8e72eb-2759-7b9d-9ce7-b38f62f511a9,Intuit UK,http://www.intuit.co.uk
08da6a97-a318-81a2-7783-bd83c1d5b8ce,Bold Software,http://www.boldchat.com
b3e1645c-644a-7fbf-fcdc-319dd08f22d6,Amondo,https://www.amondo.com
4fef7745-4757-49c2-891b-b7722623c007,SecuPress,http://secupress.me/
11e5d669-83d0-7e1e-4c0c-49dae22fc417,Osito,http://www.getosito.com
ca30b33a-5376-6db3-4af9-17b5527f527e,Impel CRM,http://www.impelcrm.in
6b51a4bc-84ea-41b6-99c7-7071e8460b2a,David Mason & Associates,http://davidmason.com
9894cc14-2fc6-49b3-ab78-53dfc022c8e8,ADVON Partners,
d35c4f13-143b-e836-c143-b7bb78765e36,Altiusdirectory,http://www.altiusdirectory.com/
57ab8a7d-078b-63a1-0f05-b4c439fd70d8,The Howard Sloan Koller Group,http://www.hsksearch.com
56683831-3627-4aa8-826d-cf03cd328c8f,Dineamic,https://www.dineamic.com.au/
e05f2bc2-78f8-6060-fd2b-dc9b46ece1a2,DERMALOG,http://www.dermalog.com/
44ed9444-86c6-4eec-ac1a-7be20114e528,Falck Safety Services,https://falcksafety.com/en_gb
b74345ca-92c5-a27d-62a7-68c0460b0022,Archer Capital,http://www.archercapital.com.au
7389013a-02c8-4a4d-8945-091e8187043e,Euphoric Thought Technologies,http://www.euphoricthought.com/
5b8a3ff8-06fc-d423-e684-5173e26a0a5b,CP Robotics,http://cprobotics.dk/
4eeaf80d-7e7c-4438-bc5d-ea1f9476958d,All American Roofing,https://www.allamericanroofing.com.au/
ee1fb283-77a1-411f-8412-679a73682901,"Cobra Microsystems,",http://www.cobra-usa.com/
b1fb4403-ca54-4e1e-99e4-5b3370200e1e,Kirson,https://www.kirson.de/
eee3c846-ac70-5135-4375-59eea5f64447,Voxill Tech,http://voxilltec.com
72ff1d03-acd2-ac7a-e845-de80416c6e0b,Coletivy,http://www.coletivy.com
4d630f4a-3f92-4ff5-102d-177ed19e3ed0,GS Shop,http://global.gsshop.com
11781b69-8713-0a28-4ba7-0acf0c70f853,Clipping Partner India,http://www.clippingpartnerindia.com/
a4096604-198b-a482-9e35-b6f520512825,National Playground Contractors Association,http://www.playground-contractors.org/
44497ce3-2092-34cb-5edd-53cacfc54e42,Zhilabs,http://www.zhilabs.com
352b21a1-3472-717e-c81e-b51a43b387b5,Oorbo,http://www.oorbo.com/
da8484fc-06bc-4274-a8fc-29cb36302488,EDM UAE,http://edmuae.com/
91439aa5-f5f2-4d07-a8b3-b7e1326cf943,Gaming Instincts,http://gaminginstincts.com/
d91319de-132c-4df0-8ffc-081fe661a0e2,Bos Global,https://bosglobal.com
4cd28821-98ce-803f-2121-8548601969cd,TÜV NORD,http://www.tuv-nord.com/
3811394d-4f9d-00e9-9907-def6fdcb7d39,All Garden Services,http://gardenservices.us
3cb90681-dc03-3b63-6196-e8d55af641f4,Gymsurfing,http://gymsurfing.com
9785d37c-5eb0-478f-5cca-c9b0e12b1b8c,KeenKale,http://keenkale.com/
e2c4b94b-9daf-5d8c-f3f7-ac9c94321d79,Whitcraft Group,http://www.whitcraftgroup.com
cee9839b-dfce-2f9f-1f44-bfdae17cd205,Gather,http://gathertheapp.com
04a6007a-b051-0481-5048-bb608b1ea030,Night By You,http://nightbyyou.com
e77b8f39-edfa-c34e-3723-5f3044b1a03e,CK Birla Group,http://www.ckbirlagroup.com/
ee809ddb-8650-cc41-30d5-d5720b177010,Release Platform,http://www.userelease.com
fc96ba93-a29f-7b54-11af-ed0ff01c48b6,Sharedband Limited,http://www.sharedband.com
60905e41-7492-de93-9d88-63b1c537a9e5,Wellbee,https://wellbee.no/
2d9ed1bb-06f9-a590-3658-0459a8cf1609,Lumavita,http://www.lesgaga.com/
9a0811a2-9cf4-8650-5771-5c8debb4e983,One Player Down,http://www.oneplayerdown.com
fe43f4c7-8a2f-8080-f1f5-7f0949123f55,Vista Blinds,http://www.vistablinds.com.au
d408de5f-26c8-1886-39a6-9bf8741079ee,Launch LAB,https://greensboro.org/start-your-business/launch-lab
052e117c-65a1-5faa-89f8-0d68dd79ca9e,GDG.vn,http://gdg.vn
416fad66-4d32-f78c-c6a2-9ef9c82cf31d,GeekBeatTV,http://geekbeat.tv
b9bc0590-ac8a-54da-0e54-279e213a7097,CarbonCure Technologies,http://www.carboncure.com
c869076d-ec43-4dbd-8348-cf7cff09e8e5,Axylog,http://www.axylog.fr/
402cfad1-b63f-5c5d-df56-d21ef6d4e832,WCI Communities,http://www.wcicommunities.com
e15f9241-9352-67de-9f24-962a1124ddc6,Premier Business Centers,http://www.pbcenters.com
f74452fe-c0b1-12c9-c9cb-dbe3bd467bb2,Anyfetch,http://anyfetch.com
4777c7c4-746d-faaa-74a9-f45131199a28,Crucial Hire,https://crucialhire.com
ba9bc934-a267-e8a2-7a9a-b94bd26c601b,VasoNova,http://www.vasonova.com
b12c3f88-62c9-411c-9e00-9f4146d082cf,Kawsa Health,http://kawsahealth.com
d81bfb35-54e0-49df-f32e-c56616532686,Itawamba Community College,https://www.iccms.edu/
a3ffc5d1-7d00-afc4-6aea-f81c22e91ef9,YES01,http://yes01.co.kr
609c038e-109a-2360-6914-687b25b83ee0,The Express Group,http://expressbusinesspublications.com/
ef8c5170-e407-a384-2bab-c83597de59e4,MIT AgeLab,http://agelab.mit.edu/
6f3a88ea-ba24-9378-1f11-11be048ec2d2,Avec Lab.,http://www.aveclab.com/
5e7a071b-da22-436c-b513-6a08b352db4c,MokhaOrigin,http://www.mokhaorigin.com
f2153df9-92d2-2a13-5570-ba8e883ef306,Caesar Creek Software,http://www.cc-sw.com/
c804c095-71a3-2edf-12d1-85548d4cd2ae,personalinjurysolicitorsdublin.info,http://www.personalinjurysolicitorsdublin.info/
3f49b60c-9187-19fe-9a68-75155cb8bbbc,Apt Marketing Solutions,http://www.aptmarketinggroup.com/
a1228f67-0c24-46fa-b4f1-ae51a57220db,Liangjianghu.com,http://www.liangjianghu.com/
b07a5f7e-a0f9-3e65-9bfe-d11f1473934f,Social Ad Manager,http://www.socialadmanager.com
69335d97-ce8e-4ada-d9d8-503ec74f3de7,Organizational Consultants,http://organizational-consultants.com/
b22e61a2-1597-8b8a-543d-d3de6347e245,Dos Rios Partners,http://dosriospartners.com
bd9bda17-38d7-c996-ca1a-a4125bd42228,MediaPhy,http://mediaphy.com
b54b7e9c-f36e-2601-b19b-bc805b9e9496,Online Tuner,http://onlinetuner.me
8b9d2dbb-db21-40e3-83d8-ad5945c49eac,Nyon,https://www.nyon.nl/
b2fc49d8-4bfb-ac5a-5f3b-5f114711b4e7,"Concierge Solutions, LLC.",http://www.conciergesolutions.co
2915b1b2-62f5-64a3-0a8f-817fba3b4864,Hello and,http://helloand.co.uk/
98cb7a3e-32e7-a635-c87d-7342d2ff0795,AO Smith India,http://www.aosmithindia.com
f1d895f7-3448-4bea-b5ec-c58699fa5fde,Camp Sunshine,https://www.campsunshine.org/
cdc99fa8-e774-9ebe-e4b4-b218b78ca3e5,ignitechpro.com,http://www.ignitechpro.com
5b00980d-a952-488f-851f-0a889ed0045c,AzaadHealth,https://www.azaadhealth.com
0cb9b127-4911-710e-fd9b-0266b5a20c1c,FRIENDS WORK HERE,http://www.friendsworkhere.com
54773c1b-8e65-22bb-6e9b-a392cbabe4de,UCHealth,https://www.uchealth.org/
0b9dbf49-4f1a-4450-82bf-86a593cbf87c,Galen Healthcare Solutions,http://galenhealthcare.com
017cba4c-ab62-4652-8ffa-534a65cd28fe,Telsmith,http://telsmith.com
41d6dc22-8172-e52a-f6a0-12e00814b15e,Pearl Global,https://pearl-global.com.au/
0aa49c20-009c-cd8f-d43e-b5c88885e5c7,Inolytix,http://www.inolytix.com
bb28d78b-0341-5f23-3e53-0b4169e16c4b,Maas Global Solutions Corporation,http://www.maasglobalsolutions.com
a05c3319-b400-300d-14c3-d59a6c272fd3,4shared,http://www.4shared.com
8fa9f81b-0d0f-5357-d607-56938c9ce167,fishgon,http://www.fishgon.com
00da67cc-0f3b-4249-9f24-f556db6248c4,Baroc,https://www.baroc.co.uk
ea252558-dc40-8869-4769-4d1c64c358fe,Calle Bella,http://www.callebella.com
b24a58f2-8373-759d-79cb-6a1654069ba0,Norfolier,http://www.norfolier.com/
b3e9cd76-05c1-0757-e2ba-aecab928d922,Virtual Lingos,https://virtuallingos.com
90f3f51c-e9d4-2b68-5879-4beba6382625,LIfe Fitness,https://www.lifefitness.com
3704d784-aeec-3849-2fa0-dca29579f4ef,O.R. Technology,http://www.or-technology.com
3b054c51-1964-94c7-6c12-12f3cede17f3,TracyLocke,http://tracylocke.com
6f6d9fbe-fb68-ffa1-22cc-c55a23a9d8f1,Forecast Capital Management,http://forecastcapitalmanagement.com/
bea83efb-357e-04b7-9f46-c61549c67adb,Porcelain Pte Ltd,http://porcelainfacespa.com/
42517f15-85cd-40b1-8327-7fd25a79eea4,Madsen and Company,http://www.madsencpa.com
c0af838c-0a3c-a269-04ab-61c1ce09d2c5,AutoRidge,http://autoridge.com/
a06d6764-bd20-3610-52b3-ce89768e4cd8,Stylio,http://www.getstylio.com/
c743dd90-b4f0-b2c4-2d7c-7a5894f01ed9,Xiu Lan Hotel,http://www.xiulanhotel.com
c715da8f-e469-f49c-6769-a20bdadc7ebf,White Raven Technology,http://www.whiteraventechnology.com
e88c30ce-2782-4245-6c3d-2bb06804af85,HireMe.lk,http://hireme.lk#!/home
d47fd7d9-b1b9-37af-894f-7ef780e7f899,Win-Win,https://www.trywinwin.com/
7b18edae-84ed-7cef-bfe3-1698eab150e0,Wellocracy,http://www.wellocracy.com
e12f3a59-a207-4ac3-8a0b-4b2cebb3226b,Hot Port Life & Style,https://www.hot-port.de
846c9f08-dcaf-730e-78b4-2e998f01a0b3,3Scan,http://www.3scan.com
ba01a22b-89c9-6ea6-b32c-7b930dd7a60b,Carpet Cleaning Solana Beach,http://www.carpetcleaningsolanabeach.net
631dfa8a-4428-d049-4072-277049e306e2,Sudu,http://sudu.io/
f465f462-3068-4eed-ebc1-d4614e25422c,Avidia Bank,http://www.avidiabank.com
f560c8d5-d05c-9ec2-31de-93045c0496cd,Remerge,https://www.remerge.io
69815c92-b21b-4ea8-b065-505db62593a7,Accounting Support Services,http://www.bookkeeper-frederick.com/
254c7017-67fe-4c89-8374-4f77c6a7101c,"Collier Spring Manufacturing, Inc.",
d6465868-8604-b221-c80e-b2954e096780,Propellum,http://www.propellum.com
34aa0b3f-d1d4-1dde-2622-7694188fbb3d,Thermo Clean Tech,https://www.thermocleantech.com/
2a7c03f4-c1c6-494e-a2ef-3e7fd0a68f3b,Abingdon Flooring,http://www.abingdonflooring.co.uk/
afd16aa8-2e3b-0111-c6ca-445867275acf,Bold Capital Partners,http://www.boldcapitalpartners.com/
d33229b1-fa60-e0fa-459b-7a7409fa8b14,Domain Phil.com,http://domainphil.com/
e63a181c-784d-421f-b29d-1e4a2554c25d,GuardianCon,https://www.guardiancon.co/
